"conteo","fecha_recorrido","responsable","hora","codigo","articulo","unidad","categoria","stock_anterior","contado","diferencia","estado"
"2","2026-08-18 12:47","alechiesa.subatir","12:48","220043","Ceniza de soda (PH+)","Kg","Materias Primas","300","1250","950","OPTIMO"
"2","2026-08-18 12:47","alechiesa.subatir","12:48","220126","Sal Fina Yodada","Kg","Materias Primas","600","750","150","OPTIMO"
"2","2026-08-18 12:47","alechiesa.subatir","12:48","220113","Parafina","Kg","Materias Primas","80","80","0","OPTIMO"
"2","2026-08-18 12:47","alechiesa.subatir","12:49","220013","Azosoft (Base suavizante)","Kg","Materias Primas","440","460","20","OPTIMO"
"2","2026-08-18 12:47","alechiesa.subatir","12:50","220071","Euperlan HCO (Opacador)","Kg","Materias Primas","34","34","0","OPTIMO"
"2","2026-08-18 12:47","alechiesa.subatir","12:50","220116","Perlante 80 %","Kg","Materias Primas","37","37","0","MEDIO"
"2","2026-08-18 12:47","alechiesa.subatir","12:50","220044","Cera natural de Abejas","Kg","Materias Primas","100","80","-20","OPTIMO"
"2","2026-08-18 12:47","alechiesa.subatir","12:51","220007","Agua destilada (Radiadores)","L","Materias Primas","120","80","-40","MEDIO"
"2","2026-08-18 12:47","alechiesa.subatir","12:51","220004","Acido Clorhidrico","kg","Materias Primas","200","130","-70","CRITICO"
"2","2026-08-18 12:47","alechiesa.subatir","12:52","220060","Dietilenglicol","L","Materias Primas","11","11","0","OPTIMO"
"2","2026-08-18 12:47","alechiesa.subatir","12:52","220175","Verde Liquido Oscuro","L","Materias Primas","50","50","0","OPTIMO"
"2","2026-08-18 12:47","alechiesa.subatir","12:52","220125","Propilenglicol (A. Radiador)","L","Materias Primas","24","22","-2","CRITICO"
"2","2026-08-18 12:47","alechiesa.subatir","12:53","220002","Fluido DC/200 Y PMX200-350cs (Aceite de silicona)","Kg","Materias Primas","15","15","0","OPTIMO"
"2","2026-08-18 12:47","alechiesa.subatir","12:53","220061","EDTA Tetrasodico","Kg","Materias Primas","225","150","-75","OPTIMO"
"2","2026-08-18 12:47","alechiesa.subatir","12:53","220155","Enzurlan 7 moles","Kg","Materias Primas","20","20","0","CRITICO"
"2","2026-08-18 12:47","alechiesa.subatir","12:53","220016","Blanqueador Optico","Kg","Materias Primas","25","25","0","MEDIO"
"2","2026-08-18 12:47","alechiesa.subatir","12:54","220161","Dipropilenglicol","L","Materias Primas","50","100","50","OPTIMO"
"2","2026-08-18 12:47","alechiesa.subatir","12:54","220117","Peroxido Hidrogeno 200 Vol (Agua Oxigenada)","kg","Materias Primas","1000","1000","0","OPTIMO"
"2","2026-08-18 12:47","alechiesa.subatir","12:54","220045","Cera QTE","Kg","Materias Primas","1200","300","-900","CRITICO"
"2","2026-08-18 12:47","alechiesa.subatir","12:55","220008","Aguarras","kg","Materias Primas","1100","80","-1020","CRITICO"
"2","2026-08-18 12:47","alechiesa.subatir","12:55","220200","Less 27 % (Materia Prima)","Kg","Materias Primas","5300","2300","-3000","MEDIO"
"2","2026-08-18 12:47","alechiesa.subatir","12:56","220059","Dietanolamina de coco","Kg","Materias Primas","1000","900","-100","OPTIMO"
"2","2026-08-18 12:47","alechiesa.subatir","12:56","220005","Acido Sulfonico 99 % TYPOL Labrex 200","kg","Materias Primas","2400","1600","-800","MEDIO"
"2","2026-08-18 12:47","alechiesa.subatir","12:56","220134","Trietanolamina","kg","Materias Primas","200","500","300","MEDIO"
"2","2026-08-18 12:47","alechiesa.subatir","12:57","220011","Anfoteina (Betaina de coco)","Kg","Materias Primas","1600","300","-1300","CRITICO"
"2","2026-08-18 12:47","alechiesa.subatir","12:57","220139","BTC 80","Kg","Materias Primas","200","600","400","MEDIO"
"2","2026-08-18 12:47","alechiesa.subatir","12:57","220056","Creolina","Kg","Materias Primas","800","800","0","OPTIMO"
"2","2026-08-18 12:47","alechiesa.subatir","12:58","220041","Butilglicol","kg","Materias Primas","430","325","-105","MEDIO"
"3","2026-08-18 12:58","alechiesa.subatir","12:58","220127","Silicona BRB Sempure 35","Kg","Materias Primas","200","400","200","OPTIMO"
"3","2026-08-18 12:58","alechiesa.subatir","12:58","220138","Vaselina","Kg","Materias Primas","200","50","-150","CRITICO"
"4","2026-08-18 12:59","alechiesa.subatir","12:59","220107","Glicerina","Kg","Materias Primas","660","660","0","OPTIMO"
"4","2026-08-18 12:59","alechiesa.subatir","12:59","221968","Esencia Tea Level () (MP x Kg)","Kg","Materias Primas","54","54","0","OPTIMO"
"4","2026-08-18 12:59","alechiesa.subatir","13:00","221967","Esencia Orange Blossom (10118) (MP x Kg)","Kg","Materias Primas","30.5","18","-12.5","CRITICO"
"4","2026-08-18 12:59","alechiesa.subatir","13:00","221969","Esencia Secret Wishper () (MP x Kg)","Kg","Materias Primas","33.5","18","-15.5","CRITICO"
"4","2026-08-18 12:59","alechiesa.subatir","13:00","221966","Esencia Flower Beauty (10120) (MP x Kg)","Kg","Materias Primas","36","18","-18","CRITICO"
"4","2026-08-18 12:59","alechiesa.subatir","13:00","220401","Esencia Ashley CAPS","Kg","Materias Primas","30","25","-5","MEDIO"
"4","2026-08-18 12:59","alechiesa.subatir","13:01","220043","Ceniza de soda (PH+)","Kg","Materias Primas","1250","300","-950","MEDIO"
"5","2026-08-18 13:02","alechiesa.subatir","13:02","220111","Metabisulfito ( PH-)","Kg","Materias Primas","600","600","0","OPTIMO"
"5","2026-08-18 13:02","alechiesa.subatir","13:02","220162","Vermiculita","L","Materias Primas","300","400","100","OPTIMO"
"5","2026-08-18 13:02","alechiesa.subatir","13:03","220042","Carbonato de Calcio (Pulidor)","kg","Materias Primas","300","300","0","OPTIMO"
"5","2026-08-18 13:02","alechiesa.subatir","13:03","220130","Talco Industrial P / Piscinas","Kg","Materias Primas","75","75","0","OPTIMO"
"5","2026-08-18 13:02","alechiesa.subatir","13:04","220003","Acetato de Butilo","L","Materias Primas","10","9","-1","OPTIMO"
"5","2026-08-18 13:02","alechiesa.subatir","13:04","220104","Fungozur B70DM","Kg","Materias Primas","30","37","7","MEDIO"
"5","2026-08-18 13:02","alechiesa.subatir","13:05","220016","Blanqueador Optico","Kg","Materias Primas","25","36","11","OPTIMO"
"5","2026-08-18 13:02","alechiesa.subatir","13:05","220061","EDTA Tetrasodico","Kg","Materias Primas","150","225","75","OPTIMO"
"5","2026-08-18 13:02","alechiesa.subatir","13:05","220012","Silicona S7 (Anti-espuma)","L","Materias Primas","50","18","-32","CRITICO"
"6","2026-08-18 13:05","alechiesa.subatir","13:06","220155","Enzurlan 7 moles","Kg","Materias Primas","20","30","10","MEDIO"
"6","2026-08-18 13:05","alechiesa.subatir","13:06","220401","Esencia Ashley CAPS","Kg","Materias Primas","25","35","10","OPTIMO"
"6","2026-08-18 13:05","alechiesa.subatir","13:06","220055","Colorante Rosa Pura ( fluor )","L","Materias Primas","4","4","0","MEDIO"
"6","2026-08-18 13:05","alechiesa.subatir","13:07","220053","Colorante Rojo oil","L","Materias Primas","3.08","3.08","0","MEDIO"
"6","2026-08-18 13:05","alechiesa.subatir","13:07","220049","Colorante Amarillo oil","L","Materias Primas","20","19","-1","MEDIO"
"6","2026-08-18 13:05","alechiesa.subatir","13:07","220051","Colorante Azul Oil","L","Materias Primas","2.8","2.5","-0.3","OPTIMO"
"7","2026-08-18 13:08","alechiesa.subatir","13:08","220057","Desengrasate Naranja","L","Materias Primas","40","40","0","OPTIMO"
"7","2026-08-18 13:08","alechiesa.subatir","13:08","220118","Pigmento Negro Cera","L","Materias Primas","4","4","0","OPTIMO"
"7","2026-08-18 13:08","alechiesa.subatir","13:08","220119","Pigmento Rojo Cera","L","Materias Primas","0.5","0.5","0","CRITICO"
"7","2026-08-18 13:08","alechiesa.subatir","13:09","220050","Colorante Amarillo Tartracine en polvo","kg","Materias Primas","2","2","0","OPTIMO"
"7","2026-08-18 13:08","alechiesa.subatir","13:09","220052","Colorante Azul Brillante en polvo","kg","Materias Primas","2","1","-1","CRITICO"
"7","2026-08-18 13:08","alechiesa.subatir","13:09","220053","Colorante Rojo oil","L","Materias Primas","3.08","3.08","0","MEDIO"
"7","2026-08-18 13:08","alechiesa.subatir","13:09","220054","Colorante Rojo Punceau en polvo","kg","Materias Primas","3","2","-1","OPTIMO"
"7","2026-08-18 13:08","alechiesa.subatir","13:09","220001","Esencia Citronella","Kg","Materias Primas","10","10","0","OPTIMO"
"7","2026-08-18 13:08","alechiesa.subatir","13:10","220072","Esencia Eucalipto","Kg","Materias Primas","5.6","5","-0.6","OPTIMO"